#"Step","Time (ps)","Potential Energy (kJ/mole)","Kinetic Energy (kJ/mole)","Total Energy (kJ/mole)","Temperature (K)","Density (g/mL)","Speed (ns/day)"
1000,1.0000000000000007,-206593.95762139684,2313.8267657049,-204280.13085569194,185.71175474496468,0.6089569469100774,0
2000,1.9999999999998905,-206755.70037453633,2496.491843888536,-204259.2085306478,200.37277116283582,0.6844276125655638,349
3000,2.9999999999997806,-207131.0827246846,2882.25171112502,-204248.83101355957,231.33452807416063,0.7446355525628919,348
4000,3.9999999999996705,-207236.43699518743,3025.315226160921,-204211.1217690265,242.8170542559363,0.7775883110497132,347
5000,5.000000000000004,-207253.80742849284,3050.93548245728,-204202.87194603556,244.87338052216091,0.824888809015064,346
6000,6.000000000000338,-207378.33885375748,3223.0375588713214,-204155.30129488616,258.6865920727528,0.8636785004695338,346
7000,7.000000000000672,-207348.52003319492,3355.5909579647705,-203992.92907523015,269.32555809558494,0.902342707527391,345
8000,8.000000000001005,-207176.01866169454,3183.0206415550783,-203992.99802013946,255.4747647897282,0.9495540097958322,344
9000,9.000000000000451,-207243.89067391827,3337.523208958097,-203906.36746496017,267.87540918121766,0.949496292850805,344
10000,9.999999999999897,-207153.1166323692,3269.689445229247,-203883.42718713995,262.43095349431917,0.9755936936423881,341
11000,10.999999999999343,-207209.38955322836,3363.012217797339,-203846.37733543103,269.9212012985906,0.9769419886321669,341
12000,11.999999999998789,-207187.91760776297,3446.2373985003214,-203741.68020926265,276.6009988428156,0.988350139910424,341
13000,12.999999999998234,-207148.86568382243,3453.2516917395405,-203695.6139920829,277.1639782002414,1.0205493742349794,340
14000,13.99999999999768,-207000.93231871392,3454.924168824684,-203546.00814988924,277.29821411576296,0.9957275369944444,340
15000,14.999999999997126,-207198.5511196265,3593.1079726349562,-203605.44314699154,288.38908619975047,0.9948531875375191,340
16000,15.999999999996572,-207197.21468435164,3608.044307908509,-203589.17037644313,289.58790240942704,1.004502418242563,340
17000,16.999999999997794,-207071.27950605896,3459.8265218152665,-203611.4529842437,277.69168548092927,1.0267324314810775,340
18000,17.999999999999016,-206947.15848612247,3514.5619326331653,-203432.5965534893,282.0848446146822,1.0126228862315079,340
19000,19.000000000000238,-206939.80489744918,3568.3174498248845,-203371.4874476243,286.3993557841716,1.0029248986703228,340
20000,20.00000000000146,-206728.975209578,3474.4127447353676,-203254.56246484263,278.8624010650616,0.9834260949926726,338
21000,21.000000000002682,-206824.34349327025,3704.3367046290077,-203120.00678864124,297.31649740565365,0.9772595723163453,338
22000,22.000000000003904,-206749.71915871813,3692.1552036153153,-203057.5639551028,296.338788978121,0.9716884065626772,338
23000,23.000000000005127,-206716.5339128491,3606.411050703726,-203110.12286214536,289.4568143496182,0.9890876910980281,338
24000,24.00000000000635,-206710.324723067,3524.909288946539,-203185.41543412046,282.9153414031238,0.9916870840955673,338
25000,25.00000000000757,-206704.3052083932,3429.4106624025153,-203274.89454599068,275.25045577983826,0.9896499913618517,338
26000,26.000000000008793,-206807.38873560814,3587.5752952434123,-203219.81344036473,287.94502390344957,0.994734692453418,338
27000,27.000000000010015,-206820.01393042735,3665.639014545828,-203154.37491588152,294.2105535915174,0.9923237442694998,338
28000,28.000000000011237,-206751.35676516488,3594.4979192672763,-203156.8588458976,288.5006457304448,1.0006066347782738,338
29000,29.00000000001246,-206688.80596426802,3627.028841999825,-203061.7771222682,291.1116340869106,0.9943430969255534,338
30000,30.00000000001368,-206542.79713393055,3548.01641811803,-202994.78071581252,284.76995972164286,0.9944743541311755,337
31000,31.000000000014904,-206776.77003049705,3685.1377558591776,-203091.63227463787,295.7755564336887,0.9921397445887461,337
32000,32.00000000001612,-206582.87168018235,3541.6220633536577,-203041.2496168287,284.25673770288404,1.015684867314598,337
33000,33.00000000001379,-206692.8849503493,3706.6964035229757,-202986.18854682634,297.50589093708123,0.9871155961043662,337
34000,34.00000000001146,-206684.19541977218,3731.712234455743,-202952.48318531644,299.51370497389064,0.9988480892923689,337
35000,35.00000000000913,-206577.07544548382,3668.5754183386452,-202908.50002714517,294.4462344597166,1.000454369223568,337
36000,36.0000000000068,-206481.3657393627,3690.9384049845394,-202790.42733437815,296.2411266067447,0.9968560891602288,337
37000,37.00000000000447,-206610.08003344774,3804.5757333636284,-202805.5043000841,305.36185594163123,1.0038632266099283,337
38000,38.00000000000214,-206657.39879801933,3714.916524785105,-202942.48227323423,298.1656521458429,1.0024750489057386,337
39000,38.99999999999981,-206582.48496945252,3596.767753683962,-202985.71721576856,288.6828265828539,1.001875890044649,337
40000,39.99999999999748,-206661.70354482072,3694.9579754020087,-202966.7455694187,296.5637443094238,0.998099529620749,337
41000,40.99999999999515,-206509.57377012135,3644.696315197507,-202864.87745492384,292.52965616967083,0.9996674076974784,337
42000,41.999999999992816,-206593.47598890096,3746.8684961292893,-202846.60749277167,300.73017285838705,0.9970239026993034,337
43000,42.999999999990486,-206653.57271984126,3808.2630645022728,-202845.309655339,305.6578075427766,0.9937612590823667,337
44000,43.999999999988155,-206556.00817709486,3684.1264777192846,-202871.88169937558,295.6943894938476,1.0094174236053237,337
45000,44.999999999985825,-206368.10801233255,3602.4126419778913,-202765.69537035466,289.13589512106216,1.0021399219567466,337
46000,45.999999999983494,-206434.2136747388,3726.36665652832,-202707.84701821048,299.0846596055244,1.0164055535829373,337
47000,46.99999999998116,-206424.30997874585,3725.464026341215,-202698.84595240463,299.01221293906787,0.9914022578243598,337
48000,47.99999999997883,-206234.89655679264,3723.2418545703404,-202511.6547022223,298.8338575733894,0.9995642835012926,337
49000,48.9999999999765,-206331.19273901606,3800.5688388887793,-202530.62390012728,305.0402556321217,0.9986453837903495,337
50000,49.99999999997417,-206360.46442335966,3815.188006729819,-202545.27641662984,306.2136154328256,0.9971023220772812,336
51000,50.99999999997184,-206245.22658772144,3686.671865549404,-202558.55472217203,295.89868674178524,0.998695584783435,336
52000,51.99999999996951,-206357.63226936103,3784.923215326853,-202572.70905403417,303.78451071256666,0.9834417381326033,336
53000,52.99999999996718,-206339.32490278588,3732.5088147334754,-202606.8160880524,299.5776398904391,0.9962181401781581,336
54000,53.99999999996485,-206343.16337019455,3823.8859615204856,-202519.27740867407,306.91172839046305,0.9858535682224494,336
55000,54.99999999996252,-206319.8253570432,3721.6180600211956,-202598.20729702202,298.70352900275634,0.9953213985161109,336
56000,55.99999999996019,-206249.81193763006,3691.9863620307297,-202557.82557559933,296.3252374593072,0.9923456158139006,337
57000,56.99999999995786,-206329.9519848717,3704.3793681934476,-202625.57261667826,297.3199216574314,0.9902215821689155,337
58000,57.99999999995553,-206209.0470941989,3608.3513617888093,-202600.6957324101,289.6125470871346,0.9757595713840376,337
59000,58.9999999999532,-206263.84608482014,3679.33596313186,-202584.51012168828,295.3098944731536,0.9952690529170612,337
60000,59.999999999950866,-206418.35439351478,3675.7382800930645,-202742.6161134217,295.02113818419815,0.9989007057155548,336
61000,60.999999999948535,-206426.62262807216,3798.415991843911,-202628.20663622825,304.867464389352,0.9941216930609842,336
62000,61.999999999946205,-206316.40024143382,3632.9347772877663,-202683.46546414605,291.5856547102306,0.9964661532393179,336
63000,62.999999999943874,-206507.1538500828,3781.1167058311403,-202726.03714425166,303.47899364950047,0.9862733395356309,336
64000,63.999999999941544,-206390.24051998538,3620.490458087297,-202769.75006189808,290.58685203857874,0.9850801320427328,336
65000,64.99999999994631,-206364.44551141202,3657.839098383207,-202706.6064130288,293.58451877383186,0.9970388258309488,336
66000,65.99999999995109,-206549.14586245737,3768.500584701076,-202780.6452777563,302.46640185660294,0.9963815615160775,336
67000,66.99999999995586,-206406.53375944676,3573.822707116604,-202832.71105233015,286.84121729563884,0.9848589823457884,336
68000,67.99999999996064,-206652.53887080113,3794.2190151973628,-202858.31985560377,304.53060775461745,0.9912963399804272,336
69000,68.99999999996541,-206547.7278110366,3704.7095371801406,-202843.01827385646,297.34642159372305,0.9895131282763239,336
70000,69.99999999997019,-206505.06547869332,3642.497204001993,-202862.56827469132,292.35315168582116,0.9992053974796455,336
71000,70.99999999997496,-206483.9898691936,3599.2996220476925,-202884.69024714592,288.88603873493935,0.9986503132317581,336
72000,71.99999999997974,-206424.49934456957,3585.9761754721403,-202838.52316909743,287.8166757733423,0.9899291064580242,336
73000,72.99999999998451,-206541.30961947516,3579.519544303883,-202961.79007517127,287.2984553422493,0.9904898006775872,336
74000,73.99999999998929,-206775.1577694301,3780.510098742787,-202994.64767068732,303.4303063110667,0.9999318052688786,336
75000,74.99999999999406,-206445.55023969687,3526.1098499521613,-202919.4403897447,283.0117005145046,0.9878938933567911,336
76000,75.99999999999883,-206559.50984901405,3579.12006937401,-202980.38977964004,287.2663927905912,1.0118644328692248,336
77000,77.00000000000361,-206525.95881455022,3665.9950179303996,-202859.96379661982,294.23912704145056,1.0045399466976037,336
78000,78.00000000000838,-206441.91656837167,3554.9693032647483,-202886.94726510692,285.3280103589143,0.9919521287308949,336
79000,79.00000000001316,-206504.26782793738,3685.6380783384666,-202818.6297495989,295.81571318480957,0.9809291548739532,336
80000,80.00000000001793,-206434.91695947794,3576.7418969664723,-202858.17506251147,287.07551654288073,0.9749057830316452,336
81000,81.00000000002271,-206473.52168048592,3553.052409038646,-202920.46927144728,285.1741570991689,1.010131036402906,336
82000,82.00000000002748,-206637.02215994158,3815.206123733893,-202821.8160362077,306.2150695350372,0.9754288185300425,336
83000,83.00000000003226,-206534.65781884815,3717.444955444662,-202817.2128634035,298.36858838182087,0.9813696641655619,336
84000,84.00000000003703,-206423.32539366782,3601.2137329159304,-202822.1116607519,289.0396685975486,0.9787209634821035,336
85000,85.00000000004181,-206391.7286273201,3608.878364770673,-202782.85026254941,289.6548452617293,0.9978294682589028,336
86000,86.00000000004658,-206486.00528874734,3754.4767665918916,-202731.52852215545,301.34082585934914,0.9938169212003527,336
87000,87.00000000005136,-206340.99349992405,3705.690368982032,-202635.30313094202,297.4251448575986,0.9765352873595682,336
88000,88.00000000005613,-206225.75158678455,3629.0034130914137,-202596.74817369314,291.27011659205004,0.9836338028194127,336
89000,89.00000000006091,-206254.23523786516,3718.852448559366,-202535.3827893058,298.4815562236651,0.9816578651577494,336
90000,90.00000000006568,-206383.82903666023,3819.410279843025,-202564.4187568172,306.5525024059076,0.9970525944821577,336
91000,91.00000000007046,-206476.4319880878,3829.565882660798,-202646.866105427,307.3676087257651,0.9800255243892266,336
92000,92.00000000007523,-206449.07694724578,3822.5340871522203,-202626.54286009356,306.8032246058036,0.9763362633823495,336
93000,93.00000000008001,-206376.12353770208,3784.4306418653578,-202591.69289583672,303.74497591107206,0.9890080027739933,336
94000,94.00000000008478,-206457.51181203252,3759.5520895738155,-202697.9597224587,301.7481800964255,0.9873024790069094,336
95000,95.00000000008956,-206498.67985731672,3806.547218917869,-202692.13263839885,305.5200907961844,1.0134884868363572,336
96000,96.00000000009433,-206455.3177717231,3794.2252051985124,-202661.09256652457,304.5311045748602,1.008003023226813,336
97000,97.0000000000991,-206498.6209163174,3732.681342152762,-202765.93957416463,299.59148724074737,0.9995217271015988,336
98000,98.00000000010388,-206613.8462256038,3852.3491254728287,-202761.49710013098,309.1962313625656,0.9871221207422674,336
99000,99.00000000010866,-206308.4829598835,3520.312331453548,-202788.17062842994,282.54638161098853,0.9924800621950913,336
100000,100.00000000011343,-206427.8673002741,3662.2172675691545,-202765.65003270496,293.93591823646403,1.0021684240844257,336
101000,101.0000000001182,-206499.36819345018,3716.9420888461173,-202782.42610460406,298.3282274352701,1.0092788936331911,336
102000,102.00000000012298,-206494.9280970597,3684.916264615953,-202810.01183244374,295.75777916183347,0.9879490910151684,336
103000,103.00000000012776,-206434.66064322033,3660.2570749286097,-202774.40356829172,293.7785897707771,0.9874610036248823,336
104000,104.00000000013253,-206422.6756654851,3726.351931558922,-202696.32373392617,299.08347775390695,1.0211044036778159,336
105000,105.0000000001373,-206321.44504070963,3665.9483004976064,-202655.49674021202,294.2353774191582,0.9952186992155493,336
106000,106.00000000014208,-206370.93178412644,3740.676237440668,-202630.25554668577,300.2331714216575,0.9994901969376044,336
107000,107.00000000014685,-206527.46686142185,3721.3360353708267,-202806.13082605103,298.68089321451254,1.0123922870531359,336
108000,108.00000000015163,-206433.7020250954,3641.16681698896,-202792.53520810645,292.24637251361077,1.0012394810636314,336
109000,109.0000000001564,-206396.45999282564,3648.6732243364677,-202747.78676848917,292.848849804045,0.9804155918431028,336
110000,110.00000000016118,-206450.85839689136,3700.2295109676197,-202750.62888592374,296.98684690923835,0.98841367828331,335
111000,111.00000000016595,-206452.48739765934,3626.984689965844,-202825.5027076935,291.10809036798247,0.9993571662796502,335
112000,112.00000000017073,-206382.0920278061,3628.2096294295043,-202753.8823983766,291.2064061367446,1.0001710235260266,335
113000,113.0000000001755,-206575.8965091336,3730.9491039346904,-202844.9474051989,299.4524547929071,0.9751144074660395,335
114000,114.00000000018028,-206454.98195140256,3636.361873967573,-202818.62007743499,291.8607194417485,0.9734447264908035,336
115000,115.00000000018505,-206550.69366576982,3769.52204846777,-202781.17161730205,302.548386312541,0.9988142060130081,335
116000,116.00000000018983,-206423.91977317975,3558.904476126656,-202865.0152970531,285.6438541672069,1.005596791214862,335
117000,117.0000000001946,-206534.8715346117,3743.1380274239928,-202791.73350718772,300.4307589612232,1.0004391879872503,336
118000,118.00000000019938,-206544.66002344084,3777.786325536552,-202766.8736979043,303.211691543032,0.9993716696462784,336
119000,119.00000000020415,-206361.24596124023,3625.75612455199,-202735.48983668824,291.0094835741604,0.9794503043850188,336
120000,120.00000000020893,-206509.75462137038,3734.919847872574,-202774.8347734978,299.77115359753543,0.9993880496886023,335
121000,121.0000000002137,-206467.2795389003,3708.4171473975293,-202758.86239150277,297.64400082894804,0.9840228537364745,335
122000,122.00000000021848,-206429.63296812226,3701.276516071055,-202728.3564520512,297.070881357222,0.9854171897966697,335
123000,123.00000000022325,-206410.06746264268,3660.1373983900994,-202749.93006425258,293.7689843239485,1.0116191199689684,335
124000,124.00000000022803,-206479.70791850874,3749.115059959702,-202730.59285854903,300.9104859731268,0.9852049441092086,335
125000,125.0000000002328,-206406.70488826506,3610.870993779041,-202795.83389448602,289.81477712663144,0.9966162870904176,335
126000,126.00000000023758,-206530.02298635512,3800.9937378033064,-202729.02924855181,305.0743587569432,1.0004974162163964,335
127000,127.00000000024235,-206430.39308014596,3718.6524938279763,-202711.740586318,298.4655075096532,0.9933094241259636,335
128000,128.00000000024713,-206359.05717861053,3647.4705738890916,-202711.58660472144,292.7523229904402,0.9889334540278079,335
129000,129.0000000002519,-206359.875249635,3737.6317433607765,-202622.24350627422,299.9888150392923,0.9731945282196383,335
130000,130.00000000025668,-206396.64381650407,3688.4117575844284,-202708.23205891965,296.0383334982669,0.9969457163287209,335
131000,131.00000000026145,-206471.12877080578,3717.478736612946,-202753.65003419283,298.3712997170566,1.0183874729219815,335
132000,132.00000000026623,-206395.10937358564,3677.2031925553456,-202717.9061810303,295.13871460260174,0.990243579495069,335
133000,133.000000000271,-206689.27717491766,3865.343496667221,-202823.93367825044,310.2391821625503,1.0031439607014294,335
134000,134.00000000027578,-206555.8953347868,3770.7778285124805,-202785.1175062743,302.64917739990045,0.9965222876153373,335
135000,135.00000000028055,-206550.36067385523,3805.790773741901,-202744.56990011333,305.459377192608,1.0086808739724293,335
136000,136.00000000028533,-206375.3259260651,3722.387092297431,-202652.93883376766,298.7652528688607,0.9962379075719509,335
137000,137.0000000002901,-206289.14261284363,3743.7954818429425,-202545.3471310007,300.4835273947195,0.9782084491615146,335
138000,138.00000000029488,-206452.78921367702,3814.3959222813137,-202638.3932913957,306.15004135933896,0.9937176751937364,335
139000,139.00000000029965,-206342.87328304932,3738.622605658602,-202604.25067739072,300.068343368192,0.9849282575743936,335
140000,140.00000000030442,-206316.4826955578,3768.96749419719,-202547.5152013606,302.50387682366426,0.9868909353605598,335
141000,141.0000000003092,-206192.0820095938,3679.479257931933,-202512.60275166188,295.3213955626741,0.9851873859696518,335
142000,142.00000000031397,-206200.13576552254,3788.7745038662106,-202411.36126165633,304.0936218194456,0.9856221485946095,335
143000,143.00000000031875,-206154.3789488479,3875.816695505753,-202278.56225334216,311.0797792906176,0.9827739155687996,335
144000,144.00000000032352,-206250.24207428438,3892.9506453512004,-202357.29142893318,312.45497986253287,0.993712567737931,335
145000,145.0000000003283,-206217.13137654454,3808.3453446347266,-202408.7860319098,305.66441148910707,0.9874993168734328,335
146000,146.00000000033307,-206182.50395207605,3639.740806418471,-202542.76314565758,292.1319184286051,0.9888107570334607,335
147000,147.00000000033785,-206109.26856146037,3590.5683784224093,-202518.70018303796,288.1852539576212,0.9881874597708102,335
148000,148.00000000034262,-206352.55930922998,3715.564173322171,-202636.9951359078,298.21763354222884,1.0120652927549674,335
149000,149.0000000003474,-206454.64657487214,3793.7708412068896,-202660.87573366525,304.4946365317777,1.0028848612629508,335
150000,150.00000000035217,-206306.95790425205,3739.6624840851873,-202567.29542016686,300.1518058167145,0.9909396088524403,335
151000,151.00000000035695,-206233.6956633446,3707.0091406702995,-202526.6865226743,297.5309917636705,0.993117854400612,335
152000,152.00000000036172,-206079.21272248737,3541.3171755915973,-202537.89554689577,284.23226688158843,0.9854486653721374,335
153000,153.0000000003665,-206202.41956601295,3640.6858481722884,-202561.73371784066,292.207769121064,0.9859732571410255,335
154000,154.00000000037127,-206375.2986206781,3813.198533640243,-202562.10008703786,306.0539368674467,0.9880135371269783,335
155000,155.00000000037605,-206281.08999551303,3751.5595993818715,-202529.53039613116,301.10668895269436,0.9892655619246561,335
156000,156.00000000038082,-206189.66886278876,3738.9481887840666,-202450.7206740047,300.094475235297,0.9799228933673171,335
157000,157.0000000003856,-206407.23969562806,3802.2165782502852,-202605.02311737777,305.17250605498106,0.9989487993012917,335
158000,158.00000000039037,-206264.77254916594,3665.904701925814,-202598.86784724012,294.2318781220666,0.9891700099092552,335
159000,159.00000000039515,-206427.57034066578,3903.6837928337045,-202523.88654783208,313.3164409202301,1.0018649506912298,335
160000,160.00000000039992,-206418.44355147393,3870.0979238590226,-202548.3456276149,310.62078074619694,0.9927752189757095,335
161000,161.0000000004047,-206273.34373285525,3758.6806791801937,-202514.66305367506,301.67823918481486,1.0110701635306993,335
162000,162.00000000040947,-206243.51482550014,3735.9044069871306,-202507.610418513,299.8501760219989,0.9778527651602771,335
163000,163.00000000041425,-206174.5119000572,3533.8537307525985,-202640.6581693046,283.6332378367021,0.9977176233957091,335
164000,164.00000000041902,-206269.1103780763,3603.270627772552,-202665.83975030374,289.2047585510451,0.9864899969968829,335
165000,165.0000000004238,-206541.77630673687,3752.827855608426,-202788.94845112844,301.20848140007655,0.9795837509442562,335
166000,166.00000000042857,-206464.08619201538,3701.578403783962,-202762.50778823142,297.0951113893622,0.9790804821243202,335
167000,167.00000000043335,-206545.03695149228,3693.938953662291,-202851.09799783,296.4819558548121,0.9975978814207973,335
168000,168.00000000043812,-206599.2705642685,3830.0284679830074,-202769.24209628548,307.4047366271189,0.9770581080604979,335
169000,169.0000000004429,-206382.07410164806,3718.812068803003,-202663.26203284506,298.47831527429,0.9717537086705272,335
170000,170.00000000044767,-206424.77222056815,3664.213054580614,-202760.55916598754,294.09610356817893,0.9834287220088382,335
171000,171.00000000045245,-206576.80245855034,3782.082703774795,-202794.71975477555,303.5565263221513,0.989144112308481,335
172000,172.00000000045722,-206540.37052391833,3759.088033386739,-202781.2824905316,301.710934140903,0.9952884014838149,335
173000,173.000000000462,-206482.336541869,3686.1820378720295,-202796.15450399698,295.8593723216929,0.9994613699663452,335
174000,174.00000000046677,-206488.05095791677,3704.4043647083454,-202783.64659320842,297.32192792112966,0.9891151235299177,335
175000,175.00000000047154,-206338.7110003839,3675.0948923379183,-202663.61610804597,294.96949876556897,0.9931122916636977,335
176000,176.00000000047632,-206385.79261977156,3723.1610440961085,-202662.63157567545,298.82737158438033,0.9960472652470672,335
177000,177.0000000004811,-206276.04379432948,3659.378260181751,-202616.66553414773,293.7080545729162,0.9871657058172362,335
178000,178.00000000048587,-206298.9227557946,3696.6504052400123,-202602.2723505546,296.6995816675428,0.9965992397964412,335
179000,179.00000000049064,-206308.66016012724,3753.069670994533,-202555.5904891327,301.22788992293744,1.0029963775749782,335
180000,180.00000000049542,-206319.7416048238,3781.8255750392564,-202537.91602978454,303.5358887232696,0.9908360287676725,335
181000,181.0000000005002,-206192.92600641082,3738.6042177060153,-202454.3217887048,300.06686751918215,0.9895688187559685,335
182000,182.00000000050497,-206249.35801982597,3848.263247403316,-202401.09477242266,308.8682916925739,1.0078750068618212,335
183000,183.00000000050974,-206401.55990595304,3901.710034331307,-202499.84987162173,313.15802363491036,0.9923063685008314,335
184000,184.00000000051452,-206264.86951945655,3854.4785810234025,-202410.39093843315,309.36714516337815,0.9748948681222184,335
185000,185.0000000005193,-206313.40522834542,3822.0794218713418,-202491.32580647408,306.7667323807222,0.9696988218528265,335
186000,186.00000000052407,-206441.6281693507,3839.787185287103,-202601.8409840636,308.1879882263593,0.9976998857644285,335
187000,187.00000000052884,-206298.47967770856,3653.5994908064604,-202644.8801869021,293.2442405066005,0.9928694165795999,335
188000,188.00000000053362,-206392.19168566377,3657.2106836773455,-202734.98100198642,293.5340811181427,1.0150752585133835,335
189000,189.0000000005384,-206470.22380209216,3678.092601683107,-202792.13120040906,295.21010012387364,0.9921522353144689,335
190000,190.00000000054317,-206467.38065906474,3689.351305172313,-202778.02935389243,296.1137432194261,0.9972952228632178,335
191000,191.00000000054794,-206427.1272114786,3654.541882515885,-202772.5853289627,293.319878501894,1.0067365505416948,335
192000,192.00000000055272,-206537.53703903302,3810.382345212158,-202727.15469382086,305.82790469320446,1.0173700240728352,335
193000,193.0000000005575,-206225.24622136878,3664.598712986335,-202560.64750838245,294.1270571816129,0.9956037135728595,335
194000,194.00000000056227,-206275.61599460215,3821.1308974297717,-202454.48509717238,306.6906021616957,0.9884095290513502,335
195000,195.00000000056704,-206031.75831477437,3655.740967865102,-202376.01734690927,293.4161191745289,0.9804435435547797,335
196000,196.00000000057182,-206194.12313545455,3823.136793569196,-202370.98634188535,306.8515988695781,0.970588056010959,335
197000,197.0000000005766,-206176.52700445443,3781.885737285018,-202394.6412671694,303.540717449601,0.9821628603572056,335
198000,198.00000000058137,-206190.27389098977,3843.0941475825384,-202347.17974340724,308.45341076354464,0.9813481180148251,335
199000,199.00000000058614,-206469.24658030897,4005.544945643982,-202463.701634665,321.4919939517375,0.999836392842511,335
200000,200.00000000059092,-206334.61592095494,3809.709830322303,-202524.90609063263,305.7739274801571,0.9956522412825725,335
201000,201.0000000005957,-206230.2564338441,3733.474734283518,-202496.78169956058,299.65516627108246,0.9707483617540107,335
202000,202.00000000060047,-206329.24789965095,3777.5540824122727,-202551.69381723867,303.19305130653,0.9932214224710446,335
203000,203.00000000060524,-206311.91158451285,3789.9818423986435,-202521.9297421142,304.19052490689916,1.006495041404169,335
204000,204.00000000061002,-206423.38705420794,3990.8185744672082,-202432.56847974073,320.3100298251227,0.9921365805611081,335
205000,205.0000000006148,-206347.02869494673,3819.165794340428,-202527.8629006063,306.5328795748599,1.010266539604484,335
206000,206.00000000061956,-206389.70029378904,3794.211539655924,-202595.4887541331,304.5300077546784,0.998942244053788,335
207000,207.00000000062434,-206255.94082587742,3740.2621026397683,-202515.67872323765,300.1999322432903,0.9894023382310427,335
208000,208.00000000062911,-206366.8183950328,3807.711178600788,-202559.10721643202,305.6135122218378,0.9761710543566732,335
209000,209.0000000006339,-206255.99327317733,3716.4036311148666,-202539.58964206246,298.2850098825956,0.9837750420617134,335
210000,210.00000000063866,-206307.3085485194,3799.2276206379756,-202508.0809278814,304.93260712595674,1.0042027847452386,335
211000,211.00000000064344,-206243.6379421178,3714.7299009980634,-202528.90804111975,298.1506733965768,0.9835513227074502,335
212000,212.0000000006482,-206187.08321024547,3766.545947700739,-202420.53726254473,302.30951929624786,0.9737406994915524,335
213000,213.000000000653,-206202.32212411793,3777.643811066635,-202424.6783130513,303.200253084165,1.0018994028724135,335
214000,214.00000000065776,-206182.6665082205,3827.4297946669976,-202355.23671355352,307.19616259354035,0.9708222398840898,335
215000,215.00000000066254,-206014.85208853928,3705.2689103223383,-202309.58317821694,297.39131785360496,0.9858771038321106,335
216000,216.0000000006673,-206257.65277817738,3810.5846551335417,-202447.06812304383,305.8441424388556,0.997118835183228,335
217000,217.0000000006721,-206314.01854374542,3837.40001661703,-202476.6185271284,307.99638992299344,0.9996569978576693,335
218000,218.00000000067686,-206301.73880687836,3898.493653796613,-202403.24515308175,312.8998713471597,0.992442093169895,335
219000,219.00000000068164,-206201.61092026698,3816.8436596281826,-202384.7672606388,306.3465010098968,0.9821238060196379,335
220000,220.0000000006864,-206173.154776301,3778.5826349589042,-202394.5721413421,303.27560472025715,0.9914224941730049,335
221000,221.0000000006912,-206185.22760873786,3768.1455848773476,-202417.0820238605,302.43790895420597,0.9928294488384699,335
222000,222.00000000069596,-206193.48169987585,3781.6888077659532,-202411.7928921099,303.5249115443843,0.9986434203362298,335
223000,223.00000000070074,-206141.8033220125,3803.216747675091,-202338.58657433742,305.25278139005627,0.9802565432266562,335
224000,224.0000000007055,-206120.84814428963,3772.106105286861,-202348.74203900277,302.7557872006917,1.0111553822658883,335
225000,225.0000000007103,-206020.00648925317,3714.5712412970606,-202305.4352479561,298.1379390934227,1.0140633222032192,335
226000,226.00000000071506,-206093.06500879963,3734.6393360830843,-202358.42567271655,299.74863923413324,1.0070441330537196,335
227000,227.00000000071984,-206229.5887638544,3848.4269161373377,-202381.16184771707,308.8814280294175,0.9810921173299592,335
228000,228.0000000007246,-206177.9387129191,3786.3707847730257,-202391.56792814608,303.900695150377,1.0083773749296203,335
229000,229.0000000007294,-205938.1441247259,3625.480890566949,-202312.66323415894,290.98739281650944,1.0020829327017353,335
230000,230.00000000073416,-206338.95474686564,3962.2902286462486,-202376.6645182194,318.0202952430406,1.0114036643853388,334
231000,231.00000000073894,-206054.5671848197,3603.0777040775865,-202451.4894807421,289.1892741602277,0.993654335233776,334
232000,232.0000000007437,-206253.03083987752,3806.1350520644337,-202446.8957878131,305.48700956869845,0.9953669464357728,334
233000,233.00000000074849,-206321.01200421483,3844.103950032033,-202476.9080541828,308.5344592619115,0.9965122796601611,334
234000,234.00000000075326,-206121.62163442114,3751.392893936485,-202370.22874048466,301.09330888412256,1.0021012303290213,335
235000,235.00000000075804,-206189.43757327055,3802.984614276327,-202386.45295899422,305.2341499603147,0.9781714640264199,335
236000,236.0000000007628,-206232.2050303879,3816.8753357320093,-202415.3296946559,306.3490433890033,0.9908840924264603,335
237000,237.00000000076759,-206337.96368644846,3847.130293047987,-202490.83339340048,308.7773588083612,0.9874292400854541,335
238000,238.00000000077236,-206245.03750116922,3834.5230522304773,-202410.51444893875,307.76547976477224,0.9764797730457497,335
239000,239.00000000077713,-206213.92465595814,3846.927759354934,-202366.9968966032,308.76110310240716,0.9708287159013204,335
240000,240.0000000007819,-206237.76616422858,3840.526830656454,-202397.23933357213,308.24735344827957,0.9984036752603959,334
241000,241.00000000078668,-206305.29117524417,3833.346505211666,-202471.9446700325,307.67104805767906,0.9859077553100846,334
242000,242.00000000079146,-206156.8993486433,3684.1540291281417,-202472.74531951515,295.69660081777226,0.9801496030038342,334
243000,243.00000000079623,-206278.43448870076,3770.570263256086,-202507.86422544467,302.63251785193415,0.9999952015075866,334
244000,244.000000000801,-206133.18278846124,3757.6631913464516,-202375.5195971148,301.59657384416073,0.9771735156829765,335
245000,245.00000000080578,-206184.53853848486,3794.09238638822,-202390.44615209664,304.52044430647356,0.9906862424866505,335
246000,246.00000000081056,-206318.08778422402,3917.2524511129595,-202400.83533311106,314.4054849990368,1.0070313432800175,335
247000,247.00000000081533,-206091.43662029156,3683.2479774840176,-202408.18864280754,295.62387953923326,0.9926413245212289,335
248000,248.0000000008201,-206266.94392507637,3905.329571230337,-202361.61435384603,313.44853395264295,0.9938388724560578,335
249000,249.00000000082488,-206214.92298469285,3928.3190653021447,-202286.6039193907,315.29371067375916,0.9793988411354274,335
250000,250.00000000082966,-206028.78624739387,3744.028801387176,-202284.7574460067,300.5022540265564,0.984001526878885,334
251000,251.00000000083443,-206125.5238032015,3883.790276180953,-202241.73352702055,311.7197527236939,0.9869304428190689,334
252000,252.0000000008392,-206043.90348885706,3821.4333530399017,-202222.47013581716,306.7148777742533,0.99230314059192,334
253000,253.00000000084398,-206166.1011730801,3855.760353610851,-202310.34081946925,309.47002245736024,1.0094028577794756,334
254000,254.00000000084876,-206014.99598378767,3810.175420769956,-202204.8205630177,305.8112965780981,1.0055598095762208,335
255000,255.00000000085353,-205870.39582361377,3655.556440651417,-202214.83938296235,293.40130869988155,0.9990973617443142,335
256000,256.0000000008583,-206113.13209317747,3871.9561158828437,-202241.17597729462,310.7699224652365,0.9858530463148951,335
257000,257.00000000083463,-206138.76449328105,3877.769669277128,-202260.99482400392,311.2365283573276,0.9810156564834712,335
258000,258.000000000811,-206189.47783594622,3910.296467007138,-202279.18136893908,313.8471856339256,1.0015871676815054,335
259000,259.00000000078734,-205982.3765397812,3769.4364822863135,-202212.94005749488,302.54151862221056,0.9929899024349577,335
260000,260.0000000007637,-205927.5737448567,3677.4964967295527,-202250.07724812714,295.1622557050184,0.977783595388715,334
261000,261.00000000074004,-206165.802072897,3836.7750721853226,-202329.02700071168,307.9462307975349,0.9790250573759414,335
262000,262.0000000007164,-206175.55584698124,3731.430040472187,-202444.12580650905,299.49105559467114,0.9774378497229498,335
263000,263.00000000069275,-206217.391972304,3751.3183182552457,-202466.07365404876,301.0873233104273,0.9920806673537667,335
264000,264.0000000006691,-206127.70844708875,3696.5675820074975,-202431.14086508125,296.6929341310582,0.9803857317722434,335
265000,265.00000000064546,-206256.1938359389,3894.0033832918853,-202362.19045264702,312.5394744379907,0.979952558585554,335
266000,266.0000000006218,-206408.44442626458,3873.8790132801514,-202534.56541298443,310.9242575499289,1.0026018839576056,335
267000,267.00000000059816,-206308.08281421894,3777.3984033400193,-202530.68441087892,303.18055623381593,0.9800716672326089,335
268000,268.0000000005745,-206242.65926954767,3690.0809250397724,-202552.5783445079,296.17230377715276,0.9928675686321915,335
269000,269.00000000055087,-206359.11519755248,3847.863857057644,-202511.25134049484,308.8362359297907,0.9998640121888375,335
270000,270.0000000005272,-206430.86784904895,3912.2212370624766,-202518.64661198648,314.00167102140387,0.9852760436560507,334
271000,271.0000000005036,-206408.50035961618,3870.9884525667876,-202537.5119070494,310.6922561269044,0.9863266473544456,335
272000,272.00000000047993,-206228.08512837905,3708.6330888676457,-202519.4520395114,297.6613326663751,0.9861531505715635,335
273000,273.0000000004563,-206169.96817911335,3677.7578188397456,-202492.2103602736,295.1832298714327,0.9997405056937048,335
274000,274.00000000043264,-206227.06788987873,3789.6332539203577,-202437.43463595837,304.16254659022223,1.006948869377856,335
275000,275.000000000409,-206282.69003085728,3844.517599057406,-202438.17243179987,308.56765945109123,0.9960274372906527,335
276000,276.00000000038534,-206170.15790054272,3817.773334679194,-202352.38456586353,306.4211183441005,0.9951049147787926,335
277000,277.0000000003617,-206150.91612327928,3814.9077039295807,-202336.0084193497,306.19111784326367,0.9853030735581252,335
278000,278.00000000033805,-206152.30324439242,3751.1912842607126,-202401.1119601317,301.0771273414002,0.9900648098302794,335
279000,279.0000000003144,-206147.4476477889,3774.0594617230818,-202373.38818606583,302.9125669807468,0.9942126256295576,335
280000,280.00000000029075,-206295.42325445003,3893.3409716882743,-202402.08228276175,312.4863081322442,0.9886101403558137,335
281000,281.0000000002671,-206224.12836647194,3861.7994596250355,-202362.3289068469,309.9547315944522,0.9872902497367727,335
282000,282.00000000024346,-206135.7331544648,3758.143284335267,-202377.58987012954,301.6351069412426,1.0122542726242354,335
283000,283.0000000002198,-206293.23193911227,3854.5269192103297,-202438.70501990194,309.37102487021207,0.9995535586973994,335
284000,284.00000000019617,-206221.80997743705,3733.584656920284,-202488.22532051677,299.66398885281706,0.9859691313471812,335
285000,285.0000000001725,-206137.94655612283,3637.355353228748,-202500.59120289408,291.9404578126715,0.9780431530550171,335
286000,286.0000000001489,-206506.04555700306,3852.1773262135684,-202653.8682307895,309.1824424556457,0.9736170036195041,335
287000,287.0000000001252,-206334.73479663726,3755.4076511380263,-202579.32714549924,301.41554026973193,0.9919118661302947,335
288000,288.0000000001016,-206137.31628399983,3644.8199984375387,-202492.4962855623,292.5395832013221,0.9777903883230951,335
289000,289.00000000007793,-206198.7835327919,3802.8018764527515,-202395.98165633914,305.2194831052253,0.991042302478496,335
290000,290.0000000000543,-206115.16994196072,3727.116106396541,-202388.05383556418,299.14481175355183,0.9859805195846891,335
291000,291.00000000003064,-206123.92927863038,3690.714391873218,-202433.21488675717,296.22314692537617,0.9979326017574546,335
292000,292.000000000007,-206088.95731554605,3684.0330827962607,-202404.9242327498,295.68689345512246,0.9776473223805882,335
293000,292.99999999998334,-206395.9631256412,3941.347799969488,-202454.6153256717,316.3394195457636,1.0086980529260887,335
294000,293.9999999999597,-206217.36180621348,3789.219172568992,-202428.1426336445,304.12931170180747,0.9821409204623512,335
295000,294.99999999993605,-206196.4554161216,3644.153924845159,-202552.30149127645,292.48612297799707,0.9791198246581269,335
296000,295.9999999999124,-206385.98403728183,3739.014496369753,-202646.96954091208,300.09979719728364,1.0065363864630645,335
297000,296.99999999988876,-206341.69180419593,3695.1002530911937,-202646.59155110474,296.57516376385803,0.9897230760429537,335
298000,297.9999999998651,-206501.2832971312,3809.342665434815,-202691.94063169637,305.7444581886151,0.9934524616994391,335
299000,298.99999999984146,-206337.64931588955,3742.7821134803817,-202594.86720240916,300.4021926899768,1.0175770007245883,335
300000,299.9999999998178,-206373.94117302375,3743.618547178339,-202630.3226258454,300.4693263112478,0.9832213457153081,334
301000,300.99999999979417,-206444.58952151134,3780.2796442322433,-202664.3098772791,303.41180963180955,0.993482150678317,335
302000,301.9999999997705,-206210.41680539103,3558.433316211216,-202651.9834891798,285.60603805410864,1.0022192318755447,335
303000,302.9999999997469,-206418.7412187487,3809.240690106293,-202609.5005286424,305.73627347164273,1.0166358013587717,335
304000,303.99999999972323,-206221.56248941596,3702.0809422587045,-202519.48154715725,297.13544600012676,0.9974875372834786,335
305000,304.9999999996996,-206261.2634811092,3743.0167609243654,-202518.24672018483,300.42102590135397,1.0157075835086293,335
306000,305.99999999967594,-206147.27462477196,3702.30909962859,-202444.96552514337,297.1537583068852,0.9941904485906508,335
307000,306.9999999996523,-206151.91397988045,3646.4565987112,-202505.45738116925,292.67093958164526,1.003522924828006,335
308000,307.99999999962864,-206204.45993398532,3832.8570906440727,-202371.60284334124,307.6317667944952,0.9844892810791858,335
309000,308.999999999605,-206114.22562829926,3714.721948585473,-202399.5036797138,298.150035122131,1.0096941728256743,335
310000,309.99999999958135,-206301.37452550072,3920.628765956033,-202380.7457595447,314.6764738921433,1.0033644351380522,335
311000,310.9999999995577,-206209.651420046,3914.748815299943,-202294.90260474605,314.2045388405044,0.9813969735463214,335
312000,311.99999999953405,-206127.70804052573,3841.307334327139,-202286.4007061986,308.3099980284254,0.9649840911965415,335
313000,312.9999999995104,-205986.51252028663,3844.918681675568,-202141.59383861106,308.59985103860356,0.986410643977011,335
314000,313.99999999948676,-206056.4948081734,3827.5911758905277,-202228.90363228286,307.20911533081903,0.9966328502412407,335
315000,314.9999999994631,-206082.11199977846,3816.7791602183133,-202265.33283956014,306.34132417524165,0.9767115584969916,335
316000,315.99999999943947,-206330.29242319945,3955.121771214064,-202375.1706519854,317.4449423997434,0.9978545016586431,335
317000,316.9999999994158,-206244.50193538648,3763.839091493748,-202480.66284389273,302.09226231595295,0.9825841006609601,335
318000,317.9999999993922,-206252.94502505305,3791.4354955544695,-202461.50952949858,304.3071976338121,0.9826920801248742,335
319000,318.9999999993685,-206250.0992331566,3833.2507790485397,-202416.84845410805,307.66336490957445,0.9808416016640635,335
320000,319.9999999993449,-206173.83395956742,3767.4768127575517,-202406.35714680987,302.38423214238384,0.968774831901945,334
321000,320.99999999932123,-206216.2397794191,3792.1502293304075,-202424.08955008868,304.3645634079799,1.0021197269803916,334
322000,321.9999999992976,-206236.30840439798,3776.273368552327,-202460.03503584565,303.09025898785603,0.9835240322190753,335
323000,322.99999999927394,-206467.79525149666,3978.533430460375,-202489.26182103629,319.324002830959,0.9968527014928166,335
324000,323.9999999992503,-206239.59331801353,3795.2885172832757,-202444.30480073026,304.61644784948635,0.9843494022083744,335
325000,324.99999999922665,-206185.456054476,3674.327019708464,-202511.12903476754,294.9078679747292,1.0034301920880389,335
326000,325.999999999203,-206215.49059951113,3764.045680841431,-202451.4449186697,302.10884353579115,0.9951932732965367,335
327000,326.99999999917935,-206281.09094905265,3822.3396264296025,-202458.75132262305,306.78761685047743,0.9939624859159886,335
328000,327.9999999991557,-206383.0295245345,3956.4915143365506,-202426.53801019795,317.5548803616501,0.9924740669685361,335
329000,328.99999999913206,-206292.0842560662,3783.6833093054593,-202508.40094676075,303.68499370188766,1.0031902004700077,335
330000,329.9999999991084,-206265.8822651799,3728.9471591273323,-202536.93510605258,299.29177522579874,1.0142292307958276,334
331000,330.99999999908476,-206199.99834909063,3764.1500182619784,-202435.84833082865,302.1172178383719,0.9962484941608412,334
332000,331.9999999990611,-206174.3233575076,3835.2072254065424,-202339.11613210104,307.8203926921183,1.0038851823242636,334
333000,332.99999999903747,-206193.12441120783,3867.6809255164117,-202325.44348569142,310.42678826150666,0.9941561391285344,334
334000,333.9999999990138,-206106.58416413912,3831.6388973589055,-202274.9452667802,307.53399248573527,0.9997172766655305,334
335000,334.9999999989902,-206171.3128106165,3821.0434476532973,-202350.2693629632,306.6835832907578,0.9979465005698565,334
336000,335.99999999896653,-206296.92890748684,3952.268510164693,-202344.66039732215,317.215934712531,0.9950579620461318,334
337000,336.9999999989429,-206170.042227677,3862.3671432943083,-202307.6750843827,310.0002948716704,0.9934740597655568,334
338000,337.99999999891924,-206155.67848361292,3839.0772149520926,-202316.60126866083,308.1310047742332,0.9825234571381064,334
339000,338.9999999988956,-206357.9353577482,3946.668486673152,-202411.26687107506,316.76646710128125,0.9917114182308429,334
340000,339.99999999887194,-206174.18394370654,3703.958894324489,-202470.22504938205,297.28617369445243,0.9750829596705017,334
341000,340.9999999988483,-206141.89688909194,3681.6177196665667,-202460.27916942537,295.4930322154608,0.9813094459665607,334
342000,341.99999999882465,-206251.01992194765,3828.0683636814356,-202422.9515582662,307.2474152516713,0.9833843179630736,334
343000,342.999999998801,-206230.12811645516,3842.19086996885,-202387.9372464863,308.3809121335062,1.0078104689447165,334
344000,343.99999999877735,-206288.92184222312,3937.8727683592588,-202351.04907386386,316.0605074734792,0.9906957320764601,334
345000,344.9999999987537,-206130.20989835347,3787.984501023544,-202342.22539732992,304.0302148192589,0.992940083500208,334
346000,345.99999999873006,-206159.6176349516,3817.1209895382635,-202342.49664541334,306.36875999013154,0.9997601776396425,334
347000,346.9999999987064,-206101.1417979699,3871.288046614267,-202229.85375135564,310.7163020654739,0.9914736217106038,334
348000,347.99999999868277,-206175.39941405907,3941.134838280268,-202234.2645757788,316.32232687072644,0.9726048928053653,334
349000,348.9999999986591,-206193.14211643662,3906.2623096443713,-202286.87980679225,313.52339715768306,0.9845374777829112,334
350000,349.9999999986355,-206082.7370346068,3820.030329991132,-202262.70670461567,306.6022687076643,0.9927096959273802,334
351000,350.9999999986118,-205983.80274207777,3759.7729462543502,-202224.02979582342,301.7659064371772,0.999110274926754,334
352000,351.9999999985882,-206012.24897906167,3721.973671811633,-202290.27530725003,298.73207102266423,0.9793576822559269,334
353000,352.99999999856453,-206071.68451287752,3759.278935175389,-202312.40557770213,301.72625625000796,0.9781123442930488,334
354000,353.9999999985409,-206210.86110847304,3811.77425719006,-202399.08685128298,305.93962196594845,0.998426745308435,334
355000,354.99999999851724,-206230.992179039,3716.3260641396046,-202514.6661148994,298.2787842224469,0.9980912562060045,334
356000,355.9999999984936,-206473.3487218123,3862.4380641998723,-202610.91065761243,310.00598710672256,1.0111665386717497,334
357000,356.99999999846995,-206450.31469862955,3879.3384832981974,-202570.97621533135,311.3624440952902,0.9985866505369064,334
358000,357.9999999984463,-206366.4401742343,3783.962300151121,-202582.47787408318,303.70738599169675,0.9987467576008451,334
359000,358.99999999842265,-206298.3809302154,3736.329052017536,-202562.05187819788,299.8842587696398,0.9980550582569546,334
360000,359.999999998399,-206302.62407959116,3723.8950896328315,-202578.72898995833,298.8862873540084,0.9819252553731639,334
361000,360.99999999837536,-206256.28734677186,3713.253527922556,-202543.0338188493,298.0321771294515,0.9986619536540112,334
362000,361.9999999983517,-206300.50188499625,3733.7086330130696,-202566.79325198318,299.673939389339,0.9848469194024743,334
363000,362.99999999832806,-206243.9048705093,3664.7028637204785,-202579.2020067888,294.1354165004186,0.9847838570447635,334
364000,363.9999999983044,-206378.94230459977,3646.3920875662006,-202732.55021703357,292.6657618051081,0.9953167633623032,334
365000,364.99999999828077,-206537.67208884025,3849.3790181456134,-202688.29307069464,308.95784539016114,0.9772686626431839,334
366000,365.9999999982571,-206483.464907705,3720.866206854582,-202762.59870085042,298.6431839618259,1.0011865044067947,334
367000,366.9999999982335,-206471.98941248463,3670.175176697783,-202801.81423578685,294.57463384399495,0.9947175842504463,334
368000,367.99999999820983,-206495.34528378185,3697.8450498590246,-202797.50023392282,296.79546591945905,1.002648633108628,334
369000,368.9999999981862,-206612.1173819369,3936.567256557755,-202675.55012537914,315.95572482894806,0.9858706980390307,334
370000,369.99999999816254,-206600.71656515708,3875.7184498645365,-202724.99811529255,311.0718939248258,0.9838627826328179,334
371000,370.9999999981389,-206262.89055091963,3557.1824188954197,-202705.7081320242,285.5056388630518,0.9724336773972466,334
372000,371.99999999811524,-206407.3174473529,3682.323834899813,-202724.99361245308,295.549706250424,0.988075386097857,334
373000,372.9999999980916,-206453.07001594384,3700.875021860469,-202752.19499408337,297.03865673458694,1.006989940051437,334
374000,373.99999999806795,-206459.43590369486,3684.9229030282295,-202774.51300066663,295.758311972332,0.977535533765343,334
375000,374.9999999980443,-206415.81578162053,3735.2524795453064,-202680.56330207523,299.7978511932857,0.9881941274691771,334
376000,375.99999999802066,-206383.062131804,3618.8777895679814,-202764.18434223603,290.45741646242277,0.9882745409113751,334
377000,376.999999997997,-206500.9208232483,3815.1409918926656,-202685.77983135564,306.2098419403428,0.994449034773908,334
378000,377.99999999797336,-206504.52598756368,3827.5649113045074,-202676.96107625918,307.2070072895301,0.9813886189857951,334
379000,378.9999999979497,-206451.84952135655,3650.2372283131117,-202801.61229304344,292.97437947948816,0.9790361352912992,334
380000,379.99999999792607,-206243.16439020875,3511.4829192692414,-202731.6814709395,281.8377176546294,0.9759125870215568,334
381000,380.9999999979024,-206381.98102956527,3590.325134468265,-202791.655895097,288.16573077540863,0.9818784094671587,334
382000,381.9999999978788,-206410.8835180254,3607.039647642523,-202803.84387038287,289.5072666316393,0.9858805710898529,334
383000,382.9999999978551,-206475.2238979183,3579.911648626672,-202895.31224929163,287.329926316182,1.0009074161560705,334
384000,383.9999999978315,-206516.79268448433,3603.9829450407997,-202912.80973944353,289.2619303721088,0.9741651910950305,334
385000,384.99999999780783,-206514.89781334187,3546.071203929023,-202968.82660941285,284.61383345249016,1.0026069466860135,334
386000,385.9999999977842,-206466.61324653483,3563.6226000981405,-202902.9906464367,286.02253899134143,1.003901148923876,334
387000,386.99999999776054,-206673.77027720466,3838.4603276350535,-202835.3099495696,308.081492326791,0.9960684168286387,334
388000,387.9999999977369,-206578.69412041228,3869.7305457107723,-202708.9635747015,310.59129433797585,0.9867494304477131,334
389000,388.99999999771325,-206383.32381996926,3686.4059074975085,-202696.91791247175,295.8773404866385,0.983218147584524,334
390000,389.9999999976896,-206509.87490620554,3776.8324234979227,-202733.04248270762,303.13512970872597,0.990543633880167,334
391000,390.99999999766595,-206478.23764380626,3742.9940541209653,-202735.2435896853,300.41920341387714,0.9887975578372943,334
392000,391.9999999976423,-206346.69486220612,3747.197039261926,-202599.4978229442,300.75654230080846,0.9678988254920734,334
393000,392.99999999761866,-206218.11369290485,3678.6268993092235,-202539.48679359563,295.252983779285,0.9782534605691062,334
394000,393.999999997595,-206355.1745015962,3775.0773969599977,-202580.0971046362,302.9942682307567,0.9921053803275727,334
395000,394.99999999757136,-206064.89217001057,3451.5897028809413,-202613.30246712963,277.0305840879976,0.9780489751711339,334
396000,395.9999999975477,-206463.8683143696,3757.463736793492,-202706.40457757612,301.5805652753383,0.9801537703389832,334
397000,396.99999999752407,-206441.2085154336,3666.0528423285577,-202775.15567310504,294.24376812807304,0.9824999247236729,334
398000,397.9999999975004,-206551.19581196544,3786.6978653287515,-202764.4979466367,303.9269472038354,0.9771232607851555,334
399000,398.9999999974768,-206508.45436445664,3743.276392130181,-202765.17797232646,300.4418643528462,0.992229503469102,334
400000,399.99999999745313,-206319.83444616923,3586.2361989812925,-202733.59824718794,287.8375457117817,0.9968552547617627,334
401000,400.9999999974295,-206347.54086152927,3633.3621226735413,-202714.17873885573,291.6199541930833,0.9940513468530093,334
402000,401.99999999740584,-206306.21526060568,3623.04215782322,-202683.17310278246,290.7916558910383,0.9844412596191394,334
403000,402.9999999973822,-206540.71653323967,3725.810957318172,-202814.9055759215,299.0400582218095,1.0004633085992127,334
404000,403.99999999735854,-206623.19258419628,3798.9922457151115,-202824.20033848117,304.91371552586116,0.9936620502680843,334
405000,404.9999999973349,-206598.0503539234,3774.821575706359,-202823.22877821705,302.97373557264314,0.9841231130100656,334
406000,405.99999999731125,-206418.27870798015,3646.094673719257,-202772.1840342609,292.6418908532201,0.9901945008578789,334
407000,406.9999999972876,-206320.2027945681,3655.4409927779343,-202664.76180179016,293.3920426530523,0.9891807872916869,334
408000,407.99999999726396,-206204.51002163725,3650.3554028745275,-202554.15461876272,292.9838643750266,0.9774581266561738,334
409000,408.9999999972403,-206345.859089222,3763.63940381445,-202582.21968540756,302.0762350360057,0.9899362472905284,334
410000,409.99999999721666,-206247.7960127957,3694.1762741152197,-202553.61973868049,296.5010036065295,0.9778515538550268,334
411000,410.999999997193,-206316.43840131164,3724.5452143270522,-202591.89318698458,298.9384674910681,0.9821113662876418,334
412000,411.99999999716937,-206432.5485510012,3774.008840484079,-202658.53971051713,302.9085040321882,0.9863520768763966,334
413000,412.9999999971457,-206365.88432337344,3646.5866478681564,-202719.29767550528,292.68137755284494,1.0037046269138499,334
414000,413.9999999971221,-206361.97064504283,3631.2670201887377,-202730.7036248541,291.451797628992,0.9990335443747722,334
415000,414.9999999970984,-206489.48437983627,3849.5922804567963,-202639.89209937947,308.97496219363916,0.9884326665117812,334
416000,415.9999999970748,-206553.66476299448,3900.6477807844058,-202653.01698221007,313.07276532037145,0.9931246088289851,334
417000,416.99999999705113,-206396.03252721528,3761.4758481821045,-202634.55667903318,301.90258430340697,0.9860425342970427,334
418000,417.9999999970275,-206407.89422882395,3804.1596115212888,-202603.73461730266,305.32845727986717,0.9894077075168091,334
419000,418.99999999700384,-206232.8672937413,3542.873150159139,-202689.99414358215,284.357152102712,0.9716825634078932,334
420000,419.9999999969802,-206466.250419879,3830.0251134857535,-202636.22530639326,307.4044673893434,0.9959866580603843,334
421000,420.99999999695655,-206264.33833553895,3813.469314949587,-202450.86902058937,306.07567024561297,0.9898371729649256,334
422000,421.9999999969329,-206125.75844212316,3690.8830206254497,-202434.8754214977,296.2366813618956,0.9665614116994025,334
423000,422.99999999690925,-206369.21059900694,3839.3974435813725,-202529.81315542557,308.156706880175,0.9828420135091659,334
424000,423.9999999968856,-206221.59796077444,3750.7426357893273,-202470.8553249851,301.0411180358985,0.9661778328482131,334
425000,424.99999999686196,-206091.4301168258,3609.8139376044273,-202481.61617922137,289.72993596221886,0.972443402043069,334
426000,425.9999999968383,-206425.6161629877,3916.420345917344,-202509.19581707034,314.3386987908812,0.9840361170206057,334
427000,426.99999999681467,-206324.30612133018,3793.3201174214482,-202530.98600390874,304.4584606579654,0.9916295804071678,334
428000,427.999999996791,-206448.6908484411,3838.7225802233443,-202609.96826821775,308.10254117499335,0.9795930080646966,334
429000,428.9999999967674,-206467.4778222217,3816.5938299852423,-202650.88399223646,306.32644924886375,0.9750250744955761,334
430000,429.9999999967437,-206363.29690036527,3756.9137372029945,-202606.38316316227,301.5364213529954,0.9766613438305882,333
431000,430.9999999967201,-206104.71080918916,3511.167412505951,-202593.5433966832,281.81239453385257,0.9885810138942626,333
432000,431.99999999669643,-206484.65582298927,3827.928959697485,-202656.72686329178,307.23622644581013,0.9869151294478591,333
433000,432.9999999966728,-206453.87277910206,3758.92975345999,-202694.94302564207,301.69823031909004,0.9920117379238539,333
434000,433.99999999664914,-206435.8432362921,3774.2042201682925,-202661.6390161238,302.9241855449681,1.015286316448952,333
435000,434.9999999966255,-206486.45674754816,3749.7057557869703,-202736.7509917612,300.95789624611206,1.0195919647473017,333
436000,435.99999999660184,-206453.05008264876,3683.746314045973,-202769.30376860278,295.6638768971798,1.0007190151467655,333
437000,436.9999999965782,-206450.80607956508,3818.742850077804,-202632.06322948728,306.498933333795,0.9964581968852211,333
438000,437.99999999655455,-206466.65084406442,3696.555127404863,-202770.09571665956,296.6919345030204,0.9768582625830845,333
439000,438.9999999965309,-206515.8332211352,3794.4073004927486,-202721.42592064245,304.54571985942886,0.9948696367213202,333
440000,439.99999999650726,-206377.35103894395,3602.377507477533,-202774.9735314664,289.1330751650437,0.9811783242657167,333
441000,440.9999999964836,-206506.4337326914,3637.732536568743,-202868.70119612265,291.9707312026112,1.0055646178221296,333
442000,441.99999999645996,-206567.50853236526,3638.2883521635085,-202929.22018020175,292.01534192755764,1.024667153848713,333
443000,442.9999999964363,-206444.04005268484,3501.5311336666346,-202942.5089190182,281.0389700584399,0.9947903192326324,333
444000,443.99999999641267,-206496.3589824273,3609.595848343568,-202886.76313408374,289.7124317393766,0.9845010830694976,333
445000,444.999999996389,-206630.77500409968,3620.804071088438,-203009.97093301124,290.6120231627164,1.014270066849079,333
446000,445.9999999963654,-206582.68754195038,3679.5378048275597,-202903.14973712282,295.32609463819824,1.0174099231717546,333
447000,446.9999999963417,-206431.8711321545,3620.6268094209954,-202811.24432273352,290.597795833429,0.9883578552338176,333
448000,447.9999999963181,-206537.96938433198,3683.1177220866084,-202854.85166224538,295.61342501481664,0.9904067801253108,333
449000,448.99999999629443,-206487.5617194034,3650.1464621657506,-202837.41525723765,292.96709443086326,0.9757402576410202,333
450000,449.9999999962708,-206591.4570148859,3721.1748239942826,-202870.28219089162,298.66795410944786,0.986696682976733,333
451000,450.99999999624714,-206475.82561473522,3620.2579677524045,-202855.56764698282,290.56819196052356,0.9895914363823362,333
452000,451.9999999962235,-206358.4586448309,3617.503384161275,-202740.95526066964,290.34710429748736,0.993670465724589,333
453000,452.99999999619985,-206522.77287686794,3829.926223988761,-202692.84665287918,307.3965303465688,1.0036646102064006,333
454000,453.9999999961762,-206503.34472995542,3791.0841449014843,-202712.26058505394,304.2789976201966,0.9866404698328951,333
455000,454.99999999615255,-206480.6988064001,3686.0376886036247,-202794.66111779647,295.84778659871273,1.0047993707573875,333
456000,455.9999999961289,-206402.72571586492,3689.6143287378363,-202713.11138712708,296.1348539476001,0.9725696729002368,333
457000,456.99999999610526,-206329.11980709297,3632.7013187399134,-202696.41848835305,291.56691692172166,0.9611667521316365,333
458000,457.9999999960816,-206428.7191740577,3707.718973412644,-202721.00020064507,297.5879641723703,0.9585587083355847,333
459000,458.99999999605797,-206499.71511841592,3751.3182467743754,-202748.39687164154,301.08731757324847,0.9947010373187685,333
460000,459.9999999960343,-206376.8961208851,3622.3001259313896,-202754.5959949537,290.7320991226791,0.9939718421019745,333
461000,460.9999999960107,-206510.81147545096,3663.236548386747,-202847.5749270642,294.0177274851159,0.9745281892218143,333
462000,461.999999995987,-206592.8335299252,3773.4012838050257,-202819.43224612018,302.85974047795577,0.9628806725784974,333
463000,462.9999999959634,-206622.02002806152,3728.4974681809545,-202893.52255988057,299.2556822494435,0.973878440748995,333
464000,463.99999999593973,-206619.37245972452,3654.1533441934735,-202965.21911553104,293.28869374134484,1.0089085497788506,333
465000,464.9999999959161,-206594.9725298384,3581.9502438176423,-203013.02228602074,287.4935475067315,0.989411107709784,333
466000,465.99999999589244,-206504.11691315644,3547.9692379976623,-202956.14767515878,284.7661729632423,0.9992934757890601,333
467000,466.9999999958688,-206529.3084804398,3652.429570023436,-202876.87891041636,293.1503406326996,0.9971082541567656,333
468000,467.99999999584514,-206532.64136153364,3593.6287597138435,-202939.0126018198,288.43088547517686,1.004897024276157,333
469000,468.9999999958215,-206546.795013443,3640.783479954349,-202906.01153348867,292.21560521745386,1.0024321235170395,333
470000,469.99999999579785,-206584.29829123145,3695.7297481819987,-202888.56854304945,296.6256881331191,1.0062684297687057,333
471000,470.9999999957742,-206660.77400593163,3663.880705830641,-202996.893300101,294.0694286803008,1.003233662679449,333
472000,471.99999999575056,-206575.24131116597,3581.1470744563267,-202994.09423670964,287.42908373889105,1.0096952906771381,333
473000,472.9999999957269,-206505.62417365177,3635.426232147962,-202870.1979415038,291.78562320433423,1.0044140745708405,333
474000,473.99999999570326,-206380.61922731806,3467.99722513248,-202912.62200218558,278.3474803196055,0.9856045075905514,333
475000,474.9999999956796,-206437.92369757162,3501.608859986067,-202936.31483758555,281.04520850782836,1.0008431781290592,333
476000,475.99999999565597,-206594.11735999232,3706.4388826414943,-202887.67847735083,297.4852218638852,0.9916052142697532,333
477000,476.9999999956323,-206364.9805426345,3553.001981906593,-202811.9785607279,285.17010972997116,0.9974137092815921,333
478000,477.9999999956087,-206566.7100483921,3672.477668860927,-202894.23237953117,294.75943586385307,1.010600560781028,333
479000,478.99999999558503,-206509.05887089952,3607.1126458644867,-202901.94622503503,289.51312559571346,1.006472804549937,333
480000,479.9999999955614,-206481.34015833243,3640.633382452186,-202840.70677588024,292.203558131249,0.9981729563986588,333
481000,480.99999999553773,-206477.1929753795,3559.1815039254725,-202918.01147145403,285.6660888994669,0.9885383447868152,333
482000,481.9999999955141,-206761.08310532122,3848.153943268815,-202912.9291620524,308.8595187529054,1.0046771655071682,333
483000,482.99999999549044,-206497.1875650671,3611.8735953178257,-202885.3139697493,289.8952476673986,1.0124300269725013,333
484000,483.9999999954668,-206584.6537028223,3742.6854186207056,-202841.9682842016,300.3944317926048,1.0004569256979154,333
485000,484.99999999544315,-206398.2682142902,3632.462608970236,-202765.80560531997,291.5477576610291,0.9767108729460813,333
486000,485.9999999954195,-206316.4679278514,3549.0818274589255,-202767.38610039247,284.8554713256886,0.9808707171909237,333
487000,486.99999999539585,-206538.45887424427,3715.903181667207,-202822.55569257707,298.2448429407728,0.9809976613418327,333
488000,487.9999999953722,-206445.19547895572,3643.539860263467,-202801.65561869225,292.4368370881962,0.9863229159398667,333
489000,488.99999999534856,-206360.28645783282,3508.6191575275734,-202851.66730030524,281.6078671636163,0.9989466203574179,333
490000,489.9999999953249,-206466.70420532764,3685.1434792932123,-202781.56072603443,295.7760158064445,0.9929810268522428,333
491000,490.99999999530127,-206551.92648367243,3709.5676414852496,-202842.35884218718,297.73634148254456,0.9913890720803656,333
492000,491.9999999952776,-206468.85182294933,3677.4210969647393,-202791.4307259846,295.1562039889443,0.9910032354858646,333
493000,492.999999995254,-206448.78458086346,3738.289102922543,-202710.49547794092,300.04157585938634,0.9803472658933576,333
494000,493.9999999952303,-206329.9276038233,3570.940836562775,-202758.98676726053,286.6099133599113,0.9969947314829253,333
495000,494.9999999952067,-206315.30547897096,3686.151336657582,-202629.15414231337,295.8569081889011,0.9922208494192776,333
496000,495.99999999518303,-206388.351463256,3799.9913023523986,-202588.3601609036,304.99390154667753,0.9920527233833986,333
497000,496.9999999951594,-206324.94154793784,3770.98540640017,-202553.95614153767,302.6658379616765,0.9856432998323372,333
498000,497.99999999513574,-206180.5079760159,3710.6170797524974,-202469.89089626342,297.8205712204816,0.9774186099708118,333
499000,498.9999999951121,-206252.3679779024,3714.59880881384,-202537.76916908857,298.1401517101972,0.9876932444488307,333
500000,499.99999999508844,-206409.55144829978,3878.0304178341758,-202531.5210304656,311.2574564893703,0.9939540198818504,333
